SUMLEV,STATE,COUNTY,PLACE,COUSUB,CONCIT,PRIMGEO_FLAG,FUNCSTAT,NAME,STNAME,ESTIMATESBASE2020,POPESTIMATE2020,POPESTIMATE2021
040,25,000,00000,00000,00000,0,A,Massachusetts,Massachusetts,7029917,7022220,6984723
162,25,000,00840,00000,00000,0,A,Agawam Town city,Massachusetts,28699,28641,28494
162,25,000,01260,00000,00000,0,A,Amesbury Town city,Massachusetts,17367,17345,17269
162,25,000,01370,00000,00000,0,A,Amherst Town city,Massachusetts,39470,39489,39378
162,25,000,02690,00000,00000,0,A,Attleboro city,Massachusetts,46429,46445,46580
162,25,000,03690,00000,00000,0,A,Barnstable Town city,Massachusetts,48923,48919,49583
162,25,000,05595,00000,00000,0,A,Beverly city,Massachusetts,42714,42657,42446
162,25,000,07000,00000,00000,0,A,Boston city,Massachusetts,676216,674272,654776
162,25,000,07740,00000,00000,0,A,Braintree Town city,Massachusetts,39168,39117,38822
162,25,000,08130,00000,00000,0,A,Bridgewater Town city,Massachusetts,28432,28447,28805
162,25,000,09000,00000,00000,0,A,Brockton city,Massachusetts,105652,105579,105446
162,25,000,11000,00000,00000,0,A,Cambridge city,Massachusetts,117779,117699,117090
162,25,000,13205,00000,00000,0,A,Chelsea city,Massachusetts,40615,40428,38889
162,25,000,13660,00000,00000,0,A,Chicopee city,Massachusetts,55576,55481,55190
162,25,000,19370,00000,00000,0,A,Easthampton Town city,Massachusetts,16180,16131,16022
162,25,000,21990,00000,00000,0,A,Everett city,Massachusetts,49165,49008,48557
162,25,000,23000,00000,00000,0,A,Fall River city,Massachusetts,93938,93885,93884
162,25,000,23875,00000,00000,0,A,Fitchburg city,Massachusetts,41945,41872,41732
162,25,000,24960,00000,00000,0,A,Framingham city,Massachusetts,72342,72162,71265
162,25,000,25172,00000,00000,0,A,Franklin Town city,Massachusetts,33243,33227,33036
162,25,000,25485,00000,00000,0,A,Gardner city,Massachusetts,21288,21252,21191
162,25,000,26150,00000,00000,0,A,Gloucester city,Massachusetts,29726,29750,29952
162,25,000,27060,00000,00000,0,A,Greenfield city,Massachusetts,17687,17669,17652
162,25,000,29405,00000,00000,0,A,Haverhill city,Massachusetts,67764,67690,67361
162,25,000,30840,00000,00000,0,A,Holyoke city,Massachusetts,38247,38164,37929
162,25,000,34550,00000,00000,0,A,Lawrence city,Massachusetts,89152,89024,88508
162,25,000,35075,00000,00000,0,A,Leominster city,Massachusetts,43782,43744,43613
162,25,000,37000,00000,00000,0,A,Lowell city,Massachusetts,115441,115264,113994
162,25,000,37490,00000,00000,0,A,Lynn city,Massachusetts,101238,101118,100843
162,25,000,37875,00000,00000,0,A,Malden city,Massachusetts,66353,66114,65074
162,25,000,38715,00000,00000,0,A,Marlborough city,Massachusetts,41838,41700,41110
162,25,000,39835,00000,00000,0,A,Medford city,Massachusetts,59662,60425,62098
162,25,000,40115,00000,00000,0,A,Melrose city,Massachusetts,29860,29756,29312
162,25,000,40710,00000,00000,0,A,Methuen Town city,Massachusetts,53026,52999,52798
162,25,000,45000,00000,00000,0,A,New Bedford city,Massachusetts,101044,100970,100941
162,25,000,45245,00000,00000,0,A,Newburyport city,Massachusetts,18290,18313,18295
162,25,000,45560,00000,00000,0,A,Newton city,Massachusetts,88787,88624,87453
162,25,000,46225,00000,00000,0,A,North Adams city,Massachusetts,12962,12924,12880
162,25,000,46330,00000,00000,0,A,Northampton city,Massachusetts,29549,29473,29311
162,25,000,46598,00000,00000,0,A,North Attleborough Town city,Massachusetts,30795,30787,30854
162,25,000,52144,00000,00000,0,A,Palmer Town city,Massachusetts,12460,12433,12372
162,25,000,52490,00000,00000,0,A,Peabody city,Massachusetts,54486,54410,54119
162,25,000,53960,00000,00000,0,A,Pittsfield city,Massachusetts,43917,43786,43641
162,25,000,55745,00000,00000,0,A,Quincy city,Massachusetts,101685,101606,101119
162,25,000,56000,00000,00000,0,A,Randolph Town city,Massachusetts,34995,34955,34715
162,25,000,56585,00000,00000,0,A,Revere city,Massachusetts,61878,61565,59075
162,25,000,59105,00000,00000,0,A,Salem city,Massachusetts,44501,44514,44819
162,25,000,62535,00000,00000,0,A,Somerville city,Massachusetts,81054,80842,79815
162,25,000,63345,00000,00000,0,A,Southbridge Town city,Massachusetts,17741,17711,17657
162,25,000,67000,00000,00000,0,A,Springfield city,Massachusetts,155913,155556,154789
162,25,000,69170,00000,00000,0,A,Taunton city,Massachusetts,59359,59428,59600
162,25,000,72600,00000,00000,0,A,Waltham city,Massachusetts,64994,64817,64015
162,25,000,73440,00000,00000,0,A,Watertown Town city,Massachusetts,35374,35378,35149
162,25,000,76030,00000,00000,0,A,Westfield city,Massachusetts,40795,40728,40575
162,25,000,77890,00000,00000,0,A,West Springfield Town city,Massachusetts,28843,28793,28629
162,25,000,78972,00000,00000,0,A,Weymouth Town city,Massachusetts,57513,57568,57670
162,25,000,81005,00000,00000,0,A,Winthrop Town city,Massachusetts,19227,19166,18505
162,25,000,81035,00000,00000,0,A,Woburn city,Massachusetts,40934,40849,41056
162,25,000,82000,00000,00000,0,A,Worcester city,Massachusetts,206601,206242,205918
050,25,001,00000,00000,00000,0,A,Barnstable County,Massachusetts,228996,228969,232411
157,25,001,03690,00000,00000,0,A,Barnstable Town city,Massachusetts,48923,48919,49583
157,25,001,99990,00000,00000,0,F,Balance of Barnstable County,Massachusetts,180073,180050,182828
061,25,001,00000,03690,00000,0,F,Barnstable Town city,Massachusetts,48923,48919,49583
071,25,001,03690,03690,00000,1,A,Barnstable Town city,Massachusetts,48923,48919,49583
061,25,001,00000,07175,00000,1,A,Bourne town,Massachusetts,20406,20398,20709
061,25,001,00000,07980,00000,1,A,Brewster town,Massachusetts,10322,10318,10456
061,25,001,00000,12995,00000,1,A,Chatham town,Massachusetts,6597,6597,6703
061,25,001,00000,16775,00000,1,A,Dennis town,Massachusetts,14683,14682,14903
061,25,001,00000,19295,00000,1,A,Eastham town,Massachusetts,5758,5755,5832
061,25,001,00000,23105,00000,1,A,Falmouth town,Massachusetts,32538,32557,33128
061,25,001,00000,29020,00000,1,A,Harwich town,Massachusetts,13441,13437,13629
061,25,001,00000,39100,00000,1,A,Mashpee town,Massachusetts,15062,15066,15357
061,25,001,00000,51440,00000,1,A,Orleans town,Massachusetts,6309,6310,6411
061,25,001,00000,55500,00000,1,A,Provincetown town,Massachusetts,3662,3660,3708
061,25,001,00000,59735,00000,1,A,Sandwich town,Massachusetts,20270,20263,20585
061,25,001,00000,70605,00000,1,A,Truro town,Massachusetts,2449,2449,2486
061,25,001,00000,74385,00000,1,A,Wellfleet town,Massachusetts,3565,3564,3635
061,25,001,00000,82525,00000,1,A,Yarmouth town,Massachusetts,25011,24994,25286
050,25,003,00000,00000,00000,0,N,Berkshire County,Massachusetts,129026,128758,128657
157,25,003,46225,00000,00000,0,A,North Adams city,Massachusetts,12962,12924,12880
157,25,003,53960,00000,00000,0,A,Pittsfield city,Massachusetts,43917,43786,43641
157,25,003,99990,00000,00000,0,F,Balance of Berkshire County,Massachusetts,72147,72048,72136
061,25,003,00000,00555,00000,1,A,Adams town,Massachusetts,8151,8127,8100
061,25,003,00000,00975,00000,1,A,Alford town,Massachusetts,486,485,484
061,25,003,00000,04545,00000,1,A,Becket town,Massachusetts,1935,1930,1932
061,25,003,00000,13345,00000,1,A,Cheshire town,Massachusetts,3256,3246,3236
061,25,003,00000,14010,00000,1,A,Clarksburg town,Massachusetts,1654,1649,1649
061,25,003,00000,16180,00000,1,A,Dalton town,Massachusetts,6325,6307,6290
061,25,003,00000,21360,00000,1,A,Egremont town,Massachusetts,1371,1368,1371
061,25,003,00000,24120,00000,1,A,Florida town,Massachusetts,691,689,685
061,25,003,00000,26815,00000,1,A,Great Barrington town,Massachusetts,7186,7185,7164
061,25,003,00000,28180,00000,1,A,Hancock town,Massachusetts,754,752,751
061,25,003,00000,30315,00000,1,A,Hinsdale town,Massachusetts,1915,1911,1908
061,25,003,00000,34340,00000,1,A,Lanesborough town,Massachusetts,3040,3033,3027
061,25,003,00000,34655,00000,1,A,Lee town,Massachusetts,5786,5770,5755
061,25,003,00000,34970,00000,1,A,Lenox town,Massachusetts,5101,5093,5099
061,25,003,00000,42460,00000,1,A,Monterey town,Massachusetts,1096,1093,1092
061,25,003,00000,43300,00000,1,A,Mount Washington town,Massachusetts,160,159,159
061,25,003,00000,44385,00000,1,A,New Ashford town,Massachusetts,248,247,248
061,25,003,00000,45420,00000,1,A,New Marlborough town,Massachusetts,1527,1523,1518
061,25,003,00000,46225,00000,0,F,North Adams city,Massachusetts,12962,12924,12880
071,25,003,46225,46225,00000,1,A,North Adams city,Massachusetts,12962,12924,12880
061,25,003,00000,51580,00000,1,A,Otis town,Massachusetts,1634,1630,1629
061,25,003,00000,53050,00000,1,A,Peru town,Massachusetts,809,807,804
061,25,003,00000,53960,00000,0,F,Pittsfield city,Massachusetts,43917,43786,43641
071,25,003,53960,53960,00000,1,A,Pittsfield city,Massachusetts,43917,43786,43641
061,25,003,00000,56795,00000,1,A,Richmond town,Massachusetts,1411,1406,1405
061,25,003,00000,59665,00000,1,A,Sandisfield town,Massachusetts,985,982,982
061,25,003,00000,60225,00000,1,A,Savoy town,Massachusetts,645,643,645
061,25,003,00000,61065,00000,1,A,Sheffield town,Massachusetts,3324,3316,3312
061,25,003,00000,67595,00000,1,A,Stockbridge town,Massachusetts,2013,2009,2003
061,25,003,00000,71095,00000,1,A,Tyringham town,Massachusetts,426,424,423
061,25,003,00000,73335,00000,1,A,Washington town,Massachusetts,492,491,493
061,25,003,00000,77990,00000,1,A,West Stockbridge town,Massachusetts,1342,1338,1338
061,25,003,00000,79985,00000,1,A,Williamstown town,Massachusetts,7558,7611,7813
061,25,003,00000,80685,00000,1,A,Windsor town,Massachusetts,826,824,821
050,25,005,00000,00000,00000,0,A,Bristol County,Massachusetts,579200,579172,580164
157,25,005,02690,00000,00000,0,A,Attleboro city,Massachusetts,46429,46445,46580
157,25,005,23000,00000,00000,0,A,Fall River city,Massachusetts,93938,93885,93884
157,25,005,45000,00000,00000,0,A,New Bedford city,Massachusetts,101044,100970,100941
157,25,005,46598,00000,00000,0,A,North Attleborough Town city,Massachusetts,30795,30787,30854
157,25,005,69170,00000,00000,0,A,Taunton city,Massachusetts,59359,59428,59600
157,25,005,99990,00000,00000,0,F,Balance of Bristol County,Massachusetts,247635,247657,248305
061,25,005,00000,00520,00000,1,A,Acushnet town,Massachusetts,10546,10545,10553
061,25,005,00000,02690,00000,0,F,Attleboro city,Massachusetts,46429,46445,46580
071,25,005,02690,02690,00000,1,A,Attleboro city,Massachusetts,46429,46445,46580
061,25,005,00000,05280,00000,1,A,Berkley town,Massachusetts,6756,6759,6785
061,25,005,00000,16425,00000,1,A,Dartmouth town,Massachusetts,33984,33983,34005
061,25,005,00000,16950,00000,1,A,Dighton town,Massachusetts,8093,8100,8150
061,25,005,00000,20100,00000,1,A,Easton town,Massachusetts,25154,25154,25247
061,25,005,00000,22130,00000,1,A,Fairhaven town,Massachusetts,15918,15908,15909
061,25,005,00000,23000,00000,0,F,Fall River city,Massachusetts,93938,93885,93884
071,25,005,23000,23000,00000,1,A,Fall River city,Massachusetts,93938,93885,93884
061,25,005,00000,25240,00000,1,A,Freetown town,Massachusetts,9201,9202,9202
061,25,005,00000,38225,00000,1,A,Mansfield town,Massachusetts,23837,23830,23823
061,25,005,00000,45000,00000,0,F,New Bedford city,Massachusetts,101044,100970,100941
071,25,005,45000,45000,00000,1,A,New Bedford city,Massachusetts,101044,100970,100941
061,25,005,00000,46598,00000,0,F,North Attleborough Town city,Massachusetts,30795,30787,30854
071,25,005,46598,46598,00000,1,A,North Attleborough Town city,Massachusetts,30795,30787,30854
061,25,005,00000,49970,00000,1,A,Norton town,Massachusetts,19281,19276,19278
061,25,005,00000,56060,00000,1,A,Raynham town,Massachusetts,15123,15131,15230
061,25,005,00000,56375,00000,1,A,Rehoboth town,Massachusetts,12486,12504,12687
061,25,005,00000,60645,00000,1,A,Seekonk town,Massachusetts,15514,15520,15568
061,25,005,00000,62430,00000,1,A,Somerset town,Massachusetts,18288,18272,18250
061,25,005,00000,68750,00000,1,A,Swansea town,Massachusetts,17129,17150,17259
061,25,005,00000,69170,00000,0,F,Taunton city,Massachusetts,59359,59428,59600
071,25,005,69170,69170,00000,1,A,Taunton city,Massachusetts,59359,59428,59600
061,25,005,00000,77570,00000,1,A,Westport town,Massachusetts,16325,16323,16359
050,25,007,00000,00000,00000,0,A,Dukes County,Massachusetts,20600,20581,21097
061,25,007,00000,01585,00000,1,A,Aquinnah town,Massachusetts,441,439,450
061,25,007,00000,13800,00000,1,A,Chilmark town,Massachusetts,1216,1215,1248
061,25,007,00000,21150,00000,1,A,Edgartown town,Massachusetts,5166,5167,5302
061,25,007,00000,26325,00000,1,A,Gosnold town,Massachusetts,69,69,70
061,25,007,00000,50390,00000,1,A,Oak Bluffs town,Massachusetts,5349,5341,5472
061,25,007,00000,69940,00000,1,A,Tisbury town,Massachusetts,4811,4805,4920
061,25,007,00000,78235,00000,1,A,West Tisbury town,Massachusetts,3548,3545,3635
050,25,009,00000,00000,00000,0,N,Essex County,Massachusetts,809829,809218,807074
157,25,009,01260,00000,00000,0,A,Amesbury Town city,Massachusetts,17367,17345,17269
157,25,009,05595,00000,00000,0,A,Beverly city,Massachusetts,42714,42657,42446
157,25,009,26150,00000,00000,0,A,Gloucester city,Massachusetts,29726,29750,29952
157,25,009,29405,00000,00000,0,A,Haverhill city,Massachusetts,67764,67690,67361
157,25,009,34550,00000,00000,0,A,Lawrence city,Massachusetts,89152,89024,88508
157,25,009,37490,00000,00000,0,A,Lynn city,Massachusetts,101238,101118,100843
157,25,009,40710,00000,00000,0,A,Methuen Town city,Massachusetts,53026,52999,52798
157,25,009,45245,00000,00000,0,A,Newburyport city,Massachusetts,18290,18313,18295
157,25,009,52490,00000,00000,0,A,Peabody city,Massachusetts,54486,54410,54119
157,25,009,59105,00000,00000,0,A,Salem city,Massachusetts,44501,44514,44819
157,25,009,99990,00000,00000,0,F,Balance of Essex County,Massachusetts,291565,291398,290664
061,25,009,00000,01260,00000,0,F,Amesbury Town city,Massachusetts,17367,17345,17269
071,25,009,01260,01260,00000,1,A,Amesbury Town city,Massachusetts,17367,17345,17269
061,25,009,00000,01465,00000,1,A,Andover town,Massachusetts,36584,36580,36517
061,25,009,00000,05595,00000,0,F,Beverly city,Massachusetts,42714,42657,42446
071,25,009,05595,05595,00000,1,A,Beverly city,Massachusetts,42714,42657,42446
061,25,009,00000,07420,00000,1,A,Boxford town,Massachusetts,8200,8187,8141
061,25,009,00000,16250,00000,1,A,Danvers town,Massachusetts,28081,28045,27898
061,25,009,00000,21850,00000,1,A,Essex town,Massachusetts,3675,3676,3668
061,25,009,00000,25625,00000,1,A,Georgetown town,Massachusetts,8471,8464,8416
061,25,009,00000,26150,00000,0,F,Gloucester city,Massachusetts,29726,29750,29952
071,25,009,26150,26150,00000,1,A,Gloucester city,Massachusetts,29726,29750,29952
061,25,009,00000,27620,00000,1,A,Groveland town,Massachusetts,6749,6744,6737
061,25,009,00000,27900,00000,1,A,Hamilton town,Massachusetts,7564,7563,7539
061,25,009,00000,29405,00000,0,F,Haverhill city,Massachusetts,67764,67690,67361
071,25,009,29405,29405,00000,1,A,Haverhill city,Massachusetts,67764,67690,67361
061,25,009,00000,32310,00000,1,A,Ipswich town,Massachusetts,13779,13763,13716
061,25,009,00000,34550,00000,0,F,Lawrence city,Massachusetts,89152,89024,88508
071,25,009,34550,34550,00000,1,A,Lawrence city,Massachusetts,89152,89024,88508
061,25,009,00000,37490,00000,0,F,Lynn city,Massachusetts,101238,101118,100843
071,25,009,37490,37490,00000,1,A,Lynn city,Massachusetts,101238,101118,100843
061,25,009,00000,37560,00000,1,A,Lynnfield town,Massachusetts,12989,12981,12955
061,25,009,00000,37995,00000,1,A,Manchester-by-the-Sea town,Massachusetts,5393,5387,5363
061,25,009,00000,38400,00000,1,A,Marblehead town,Massachusetts,20430,20402,20296
061,25,009,00000,40430,00000,1,A,Merrimac town,Massachusetts,6721,6716,6705
061,25,009,00000,40710,00000,0,F,Methuen Town city,Massachusetts,53026,52999,52798
071,25,009,40710,40710,00000,1,A,Methuen Town city,Massachusetts,53026,52999,52798
061,25,009,00000,41095,00000,1,A,Middleton town,Massachusetts,9794,9791,9767
061,25,009,00000,43580,00000,1,A,Nahant town,Massachusetts,3336,3331,3315
061,25,009,00000,45175,00000,1,A,Newbury town,Massachusetts,6720,6717,6701
061,25,009,00000,45245,00000,0,F,Newburyport city,Massachusetts,18290,18313,18295
071,25,009,45245,45245,00000,1,A,Newburyport city,Massachusetts,18290,18313,18295
061,25,009,00000,46365,00000,1,A,North Andover town,Massachusetts,30921,30876,30711
061,25,009,00000,52490,00000,0,F,Peabody city,Massachusetts,54486,54410,54119
071,25,009,52490,52490,00000,1,A,Peabody city,Massachusetts,54486,54410,54119
061,25,009,00000,57880,00000,1,A,Rockport town,Massachusetts,6994,6991,6959
061,25,009,00000,58405,00000,1,A,Rowley town,Massachusetts,6161,6160,6131
061,25,009,00000,59105,00000,0,F,Salem city,Massachusetts,44501,44514,44819
071,25,009,59105,59105,00000,1,A,Salem city,Massachusetts,44501,44514,44819
061,25,009,00000,59245,00000,1,A,Salisbury town,Massachusetts,9231,9231,9212
061,25,009,00000,60015,00000,1,A,Saugus town,Massachusetts,28612,28611,28676
061,25,009,00000,68645,00000,1,A,Swampscott town,Massachusetts,15099,15116,15155
061,25,009,00000,70150,00000,1,A,Topsfield town,Massachusetts,6565,6561,6555
061,25,009,00000,74595,00000,1,A,Wenham town,Massachusetts,5000,5000,4987
061,25,009,00000,77150,00000,1,A,West Newbury town,Massachusetts,4496,4505,4544
050,25,011,00000,00000,00000,0,N,Franklin County,Massachusetts,71029,70988,71015
157,25,011,27060,00000,00000,0,A,Greenfield city,Massachusetts,17687,17669,17652
157,25,011,99990,00000,00000,0,F,Balance of Franklin County,Massachusetts,53342,53319,53363
061,25,011,00000,02095,00000,1,A,Ashfield town,Massachusetts,1694,1692,1691
061,25,011,00000,05560,00000,1,A,Bernardston town,Massachusetts,2108,2105,2106
061,25,011,00000,09595,00000,1,A,Buckland town,Massachusetts,1819,1817,1816
061,25,011,00000,12505,00000,1,A,Charlemont town,Massachusetts,1188,1186,1184
061,25,011,00000,14885,00000,1,A,Colrain town,Massachusetts,1609,1609,1615
061,25,011,00000,15200,00000,1,A,Conway town,Massachusetts,1774,1774,1768
061,25,011,00000,16670,00000,1,A,Deerfield town,Massachusetts,5068,5076,5115
061,25,011,00000,21780,00000,1,A,Erving town,Massachusetts,1667,1665,1667
061,25,011,00000,25730,00000,1,A,Gill town,Massachusetts,1537,1537,1536
061,25,011,00000,27060,00000,0,F,Greenfield city,Massachusetts,17687,17669,17652
071,25,011,27060,27060,00000,1,A,Greenfield city,Massachusetts,17687,17669,17652
061,25,011,00000,29475,00000,1,A,Hawley town,Massachusetts,351,351,350
061,25,011,00000,29650,00000,1,A,Heath town,Massachusetts,725,724,726
061,25,011,00000,35180,00000,1,A,Leverett town,Massachusetts,1863,1863,1862
061,25,011,00000,35285,00000,1,A,Leyden town,Massachusetts,735,737,738
061,25,011,00000,42040,00000,1,A,Monroe town,Massachusetts,116,116,116
061,25,011,00000,42285,00000,1,A,Montague town,Massachusetts,8588,8579,8580
061,25,011,00000,45490,00000,1,A,New Salem town,Massachusetts,985,986,997
061,25,011,00000,47835,00000,1,A,Northfield town,Massachusetts,2878,2875,2876
061,25,011,00000,51265,00000,1,A,Orange town,Massachusetts,7593,7585,7577
061,25,011,00000,58335,00000,1,A,Rowe town,Massachusetts,423,423,422
061,25,011,00000,61135,00000,1,A,Shelburne town,Massachusetts,1889,1887,1889
061,25,011,00000,61905,00000,1,A,Shutesbury town,Massachusetts,1729,1728,1731
061,25,011,00000,68400,00000,1,A,Sunderland town,Massachusetts,3671,3669,3662
061,25,011,00000,73265,00000,1,A,Warwick town,Massachusetts,785,784,782
061,25,011,00000,74525,00000,1,A,Wendell town,Massachusetts,927,928,926
061,25,011,00000,79110,00000,1,A,Whately town,Massachusetts,1620,1623,1631
050,25,013,00000,00000,00000,0,N,Hampden County,Massachusetts,465825,464908,462718
157,25,013,00840,00000,00000,0,A,Agawam Town city,Massachusetts,28699,28641,28494
157,25,013,13660,00000,00000,0,A,Chicopee city,Massachusetts,55576,55481,55190
157,25,013,30840,00000,00000,0,A,Holyoke city,Massachusetts,38247,38164,37929
157,25,013,52144,00000,00000,0,A,Palmer Town city,Massachusetts,12460,12433,12372
157,25,013,67000,00000,00000,0,A,Springfield city,Massachusetts,155913,155556,154789
157,25,013,76030,00000,00000,0,A,Westfield city,Massachusetts,40795,40728,40575
157,25,013,77890,00000,00000,0,A,West Springfield Town city,Massachusetts,28843,28793,28629
157,25,013,99990,00000,00000,0,F,Balance of Hampden County,Massachusetts,105292,105112,104740
061,25,013,00000,00840,00000,0,F,Agawam Town city,Massachusetts,28699,28641,28494
071,25,013,00840,00840,00000,1,A,Agawam Town city,Massachusetts,28699,28641,28494
061,25,013,00000,06085,00000,1,A,Blandford town,Massachusetts,1216,1213,1210
061,25,013,00000,08470,00000,1,A,Brimfield town,Massachusetts,3697,3693,3690
061,25,013,00000,13485,00000,1,A,Chester town,Massachusetts,1230,1229,1221
061,25,013,00000,13660,00000,0,F,Chicopee city,Massachusetts,55576,55481,55190
071,25,013,13660,13660,00000,1,A,Chicopee city,Massachusetts,55576,55481,55190
061,25,013,00000,19645,00000,1,A,East Longmeadow town,Massachusetts,16426,16390,16370
061,25,013,00000,26675,00000,1,A,Granville town,Massachusetts,1539,1538,1533
061,25,013,00000,28075,00000,1,A,Hampden town,Massachusetts,4963,4955,4935
061,25,013,00000,30665,00000,1,A,Holland town,Massachusetts,2604,2598,2583
061,25,013,00000,30840,00000,0,F,Holyoke city,Massachusetts,38247,38164,37929
071,25,013,30840,30840,00000,1,A,Holyoke city,Massachusetts,38247,38164,37929
061,25,013,00000,36300,00000,1,A,Longmeadow town,Massachusetts,15856,15821,15725
061,25,013,00000,37175,00000,1,A,Ludlow town,Massachusetts,20996,20967,20900
061,25,013,00000,42145,00000,1,A,Monson town,Massachusetts,8150,8134,8098
061,25,013,00000,42530,00000,1,A,Montgomery town,Massachusetts,816,815,812
061,25,013,00000,52144,00000,0,F,Palmer Town city,Massachusetts,12460,12433,12372
071,25,013,52144,52144,00000,1,A,Palmer Town city,Massachusetts,12460,12433,12372
061,25,013,00000,58650,00000,1,A,Russell town,Massachusetts,1644,1640,1635
061,25,013,00000,65825,00000,1,A,Southwick town,Massachusetts,9238,9224,9196
061,25,013,00000,67000,00000,0,F,Springfield city,Massachusetts,155913,155556,154789
071,25,013,67000,67000,00000,1,A,Springfield city,Massachusetts,155913,155556,154789
061,25,013,00000,70045,00000,1,A,Tolland town,Massachusetts,469,468,465
061,25,013,00000,72390,00000,1,A,Wales town,Massachusetts,1833,1829,1816
061,25,013,00000,76030,00000,0,F,Westfield city,Massachusetts,40795,40728,40575
071,25,013,76030,76030,00000,1,A,Westfield city,Massachusetts,40795,40728,40575
061,25,013,00000,77890,00000,0,F,West Springfield Town city,Massachusetts,28843,28793,28629
071,25,013,77890,77890,00000,1,A,West Springfield Town city,Massachusetts,28843,28793,28629
061,25,013,00000,79740,00000,1,A,Wilbraham town,Massachusetts,14615,14598,14551
050,25,015,00000,00000,00000,0,N,Hampshire County,Massachusetts,162308,162064,161572
157,25,015,01370,00000,00000,0,A,Amherst Town city,Massachusetts,39470,39489,39378
157,25,015,19370,00000,00000,0,A,Easthampton Town city,Massachusetts,16180,16131,16022
157,25,015,46330,00000,00000,0,A,Northampton city,Massachusetts,29549,29473,29311
157,25,015,99990,00000,00000,0,F,Balance of Hampshire County,Massachusetts,77109,76971,76861
061,25,015,00000,01370,00000,0,F,Amherst Town city,Massachusetts,39470,39489,39378
071,25,015,01370,01370,00000,1,A,Amherst Town city,Massachusetts,39470,39489,39378
061,25,015,00000,04825,00000,1,A,Belchertown town,Massachusetts,15308,15281,15279
061,25,015,00000,13590,00000,1,A,Chesterfield town,Massachusetts,1184,1182,1178
061,25,015,00000,16040,00000,1,A,Cummington town,Massachusetts,827,824,819
061,25,015,00000,19370,00000,0,F,Easthampton Town city,Massachusetts,16180,16131,16022
071,25,015,19370,19370,00000,1,A,Easthampton Town city,Massachusetts,16180,16131,16022
061,25,015,00000,26290,00000,1,A,Goshen town,Massachusetts,958,955,950
061,25,015,00000,26535,00000,1,A,Granby town,Massachusetts,6104,6086,6061
061,25,015,00000,27690,00000,1,A,Hadley town,Massachusetts,5313,5300,5272
061,25,015,00000,29265,00000,1,A,Hatfield town,Massachusetts,3336,3327,3314
061,25,015,00000,31785,00000,1,A,Huntington town,Massachusetts,2093,2086,2074
061,25,015,00000,40990,00000,1,A,Middlefield town,Massachusetts,383,384,388
061,25,015,00000,46330,00000,0,F,Northampton city,Massachusetts,29549,29473,29311
071,25,015,46330,46330,00000,1,A,Northampton city,Massachusetts,29549,29473,29311
061,25,015,00000,52560,00000,1,A,Pelham town,Massachusetts,1281,1277,1267
061,25,015,00000,54030,00000,1,A,Plainfield town,Massachusetts,629,629,628
061,25,015,00000,62745,00000,1,A,Southampton town,Massachusetts,6210,6197,6187
061,25,015,00000,64145,00000,1,A,South Hadley town,Massachusetts,18143,18091,17995
061,25,015,00000,72880,00000,1,A,Ware town,Massachusetts,10036,10062,10178
061,25,015,00000,76380,00000,1,A,Westhampton town,Massachusetts,1617,1612,1614
061,25,015,00000,79915,00000,1,A,Williamsburg town,Massachusetts,2497,2490,2475
061,25,015,00000,82175,00000,1,A,Worthington town,Massachusetts,1190,1188,1182
050,25,017,00000,00000,00000,0,N,Middlesex County,Massachusetts,1632002,1629422,1614742
157,25,017,11000,00000,00000,0,A,Cambridge city,Massachusetts,117779,117699,117090
157,25,017,21990,00000,00000,0,A,Everett city,Massachusetts,49165,49008,48557
157,25,017,24960,00000,00000,0,A,Framingham city,Massachusetts,72342,72162,71265
157,25,017,37000,00000,00000,0,A,Lowell city,Massachusetts,115441,115264,113994
157,25,017,37875,00000,00000,0,A,Malden city,Massachusetts,66353,66114,65074
157,25,017,38715,00000,00000,0,A,Marlborough city,Massachusetts,41838,41700,41110
157,25,017,39835,00000,00000,0,A,Medford city,Massachusetts,59662,60425,62098
157,25,017,40115,00000,00000,0,A,Melrose city,Massachusetts,29860,29756,29312
157,25,017,45560,00000,00000,0,A,Newton city,Massachusetts,88787,88624,87453
157,25,017,62535,00000,00000,0,A,Somerville city,Massachusetts,81054,80842,79815
157,25,017,72600,00000,00000,0,A,Waltham city,Massachusetts,64994,64817,64015
157,25,017,73440,00000,00000,0,A,Watertown Town city,Massachusetts,35374,35378,35149
157,25,017,81035,00000,00000,0,A,Woburn city,Massachusetts,40934,40849,41056
157,25,017,99990,00000,00000,0,F,Balance of Middlesex County,Massachusetts,768419,766784,758754
061,25,017,00000,00380,00000,1,A,Acton town,Massachusetts,24046,23973,23846
061,25,017,00000,01605,00000,1,A,Arlington town,Massachusetts,46374,46219,45617
061,25,017,00000,01955,00000,1,A,Ashby town,Massachusetts,3197,3189,3170
061,25,017,00000,02130,00000,1,A,Ashland town,Massachusetts,18849,18838,18560
061,25,017,00000,03005,00000,1,A,Ayer town,Massachusetts,8480,8473,8400
061,25,017,00000,04615,00000,1,A,Bedford town,Massachusetts,14380,14346,14155
061,25,017,00000,05070,00000,1,A,Belmont town,Massachusetts,27344,27251,26838
061,25,017,00000,05805,00000,1,A,Billerica town,Massachusetts,42130,41999,41453
061,25,017,00000,07350,00000,1,A,Boxborough town,Massachusetts,5518,5500,5425
061,25,017,00000,09840,00000,1,A,Burlington town,Massachusetts,26399,26322,25989
061,25,017,00000,11000,00000,0,F,Cambridge city,Massachusetts,117779,117699,117090
071,25,017,11000,11000,00000,1,A,Cambridge city,Massachusetts,117779,117699,117090
061,25,017,00000,11525,00000,1,A,Carlisle town,Massachusetts,5252,5239,5181
061,25,017,00000,13135,00000,1,A,Chelmsford town,Massachusetts,36427,36412,35933
061,25,017,00000,15060,00000,1,A,Concord town,Massachusetts,18466,18417,18184
061,25,017,00000,17475,00000,1,A,Dracut town,Massachusetts,32663,32567,32159
061,25,017,00000,17825,00000,1,A,Dunstable town,Massachusetts,3371,3365,3341
061,25,017,00000,21990,00000,0,F,Everett city,Massachusetts,49165,49008,48557
071,25,017,21990,21990,00000,1,A,Everett city,Massachusetts,49165,49008,48557
061,25,017,00000,24960,00000,0,F,Framingham city,Massachusetts,72342,72162,71265
071,25,017,24960,24960,00000,1,A,Framingham city,Massachusetts,72342,72162,71265
061,25,017,00000,27480,00000,1,A,Groton town,Massachusetts,11318,11274,11147
061,25,017,00000,30700,00000,1,A,Holliston town,Massachusetts,15024,14998,14840
061,25,017,00000,31085,00000,1,A,Hopkinton town,Massachusetts,18785,18798,18943
061,25,017,00000,31540,00000,1,A,Hudson town,Massachusetts,20115,20053,19790
061,25,017,00000,35215,00000,1,A,Lexington town,Massachusetts,34498,34417,34071
061,25,017,00000,35425,00000,1,A,Lincoln town,Massachusetts,7014,6990,6890
061,25,017,00000,35950,00000,1,A,Littleton town,Massachusetts,10145,10136,10121
061,25,017,00000,37000,00000,0,F,Lowell city,Massachusetts,115441,115264,113994
071,25,017,37000,37000,00000,1,A,Lowell city,Massachusetts,115441,115264,113994
061,25,017,00000,37875,00000,0,F,Malden city,Massachusetts,66353,66114,65074
071,25,017,37875,37875,00000,1,A,Malden city,Massachusetts,66353,66114,65074
061,25,017,00000,38715,00000,0,F,Marlborough city,Massachusetts,41838,41700,41110
071,25,017,38715,38715,00000,1,A,Marlborough city,Massachusetts,41838,41700,41110
061,25,017,00000,39625,00000,1,A,Maynard town,Massachusetts,10762,10736,10574
061,25,017,00000,39835,00000,0,F,Medford city,Massachusetts,59662,60425,62098
071,25,017,39835,39835,00000,1,A,Medford city,Massachusetts,59662,60425,62098
061,25,017,00000,40115,00000,0,F,Melrose city,Massachusetts,29860,29756,29312
071,25,017,40115,40115,00000,1,A,Melrose city,Massachusetts,29860,29756,29312
061,25,017,00000,43895,00000,1,A,Natick town,Massachusetts,37056,36941,36426
061,25,017,00000,45560,00000,0,F,Newton city,Massachusetts,88787,88624,87453
071,25,017,45560,45560,00000,1,A,Newton city,Massachusetts,88787,88624,87453
061,25,017,00000,48955,00000,1,A,North Reading town,Massachusetts,15577,15564,15343
061,25,017,00000,52805,00000,1,A,Pepperell town,Massachusetts,11620,11609,11577
061,25,017,00000,56130,00000,1,A,Reading town,Massachusetts,25552,25551,25223
061,25,017,00000,61380,00000,1,A,Sherborn town,Massachusetts,4410,4417,4390
061,25,017,00000,61590,00000,1,A,Shirley town,Massachusetts,7387,7365,7279
061,25,017,00000,62535,00000,0,F,Somerville city,Massachusetts,81054,80842,79815
071,25,017,62535,62535,00000,1,A,Somerville city,Massachusetts,81054,80842,79815
061,25,017,00000,67665,00000,1,A,Stoneham town,Massachusetts,23284,23207,22877
061,25,017,00000,68050,00000,1,A,Stow town,Massachusetts,7189,7164,7059
061,25,017,00000,68260,00000,1,A,Sudbury town,Massachusetts,18954,18897,19059
061,25,017,00000,69415,00000,1,A,Tewksbury town,Massachusetts,31339,31246,30876
061,25,017,00000,70360,00000,1,A,Townsend town,Massachusetts,9145,9118,8983
061,25,017,00000,71025,00000,1,A,Tyngsborough town,Massachusetts,12401,12411,12421
061,25,017,00000,72215,00000,1,A,Wakefield town,Massachusetts,27108,27075,27104
061,25,017,00000,72600,00000,0,F,Waltham city,Massachusetts,64994,64817,64015
071,25,017,72600,72600,00000,1,A,Waltham city,Massachusetts,64994,64817,64015
061,25,017,00000,73440,00000,0,F,Watertown Town city,Massachusetts,35374,35378,35149
071,25,017,73440,73440,00000,1,A,Watertown Town city,Massachusetts,35374,35378,35149
061,25,017,00000,73790,00000,1,A,Wayland town,Massachusetts,13964,13915,13724
061,25,017,00000,76135,00000,1,A,Westford town,Massachusetts,24669,24742,24446
061,25,017,00000,77255,00000,1,A,Weston town,Massachusetts,11830,11800,11666
061,25,017,00000,80230,00000,1,A,Wilmington town,Massachusetts,23382,23312,23012
061,25,017,00000,80510,00000,1,A,Winchester town,Massachusetts,22995,22938,22662
061,25,017,00000,81035,00000,0,F,Woburn city,Massachusetts,40934,40849,41056
071,25,017,81035,81035,00000,1,A,Woburn city,Massachusetts,40934,40849,41056
050,25,019,00000,00000,00000,0,N,Nantucket County,Massachusetts,14255,14244,14491
061,25,019,00000,43790,00000,1,A,Nantucket town,Massachusetts,14255,14244,14491
050,25,021,00000,00000,00000,0,A,Norfolk County,Massachusetts,725981,726025,724505
157,25,021,07740,00000,00000,0,A,Braintree Town city,Massachusetts,39168,39117,38822
157,25,021,25172,00000,00000,0,A,Franklin Town city,Massachusetts,33243,33227,33036
157,25,021,55745,00000,00000,0,A,Quincy city,Massachusetts,101685,101606,101119
157,25,021,56000,00000,00000,0,A,Randolph Town city,Massachusetts,34995,34955,34715
157,25,021,78972,00000,00000,0,A,Weymouth Town city,Massachusetts,57513,57568,57670
157,25,021,99990,00000,00000,0,S,Balance of Norfolk County,Massachusetts,459377,459552,459143
061,25,021,00000,02935,00000,1,A,Avon town,Massachusetts,4785,4784,4755
061,25,021,00000,04930,00000,1,A,Bellingham town,Massachusetts,16970,16979,16905
061,25,021,00000,07740,00000,0,F,Braintree Town city,Massachusetts,39168,39117,38822
071,25,021,07740,07740,00000,1,A,Braintree Town city,Massachusetts,39168,39117,38822
061,25,021,00000,09175,00000,1,A,Brookline town,Massachusetts,63215,63125,62726
061,25,021,00000,11315,00000,1,A,Canton town,Massachusetts,24377,24418,24470
061,25,021,00000,14640,00000,1,A,Cohasset town,Massachusetts,8404,8395,8373
061,25,021,00000,16495,00000,1,A,Dedham town,Massachusetts,25356,25357,25240
061,25,021,00000,17405,00000,1,A,Dover town,Massachusetts,5934,5929,5892
061,25,021,00000,24820,00000,1,A,Foxborough town,Massachusetts,18650,18636,18519
061,25,021,00000,25172,00000,0,F,Franklin Town city,Massachusetts,33243,33227,33036
071,25,021,25172,25172,00000,1,A,Franklin Town city,Massachusetts,33243,33227,33036
061,25,021,00000,30455,00000,1,A,Holbrook town,Massachusetts,11422,11409,11335
061,25,021,00000,39765,00000,1,A,Medfield town,Massachusetts,12819,12827,12915
061,25,021,00000,39975,00000,1,A,Medway town,Massachusetts,13125,13106,13131
061,25,021,00000,41515,00000,1,A,Millis town,Massachusetts,8472,8519,8668
061,25,021,00000,41690,00000,1,A,Milton town,Massachusetts,28577,28547,28388
061,25,021,00000,44105,00000,1,A,Needham town,Massachusetts,32100,32122,32048
061,25,021,00000,46050,00000,1,A,Norfolk town,Massachusetts,11580,11571,11550
061,25,021,00000,50250,00000,1,A,Norwood town,Massachusetts,31624,31599,31441
061,25,021,00000,54100,00000,1,A,Plainville town,Massachusetts,9957,9949,9896
061,25,021,00000,55745,00000,0,F,Quincy city,Massachusetts,101685,101606,101119
071,25,021,55745,55745,00000,1,A,Quincy city,Massachusetts,101685,101606,101119
061,25,021,00000,56000,00000,0,F,Randolph Town city,Massachusetts,34995,34955,34715
071,25,021,56000,56000,00000,1,A,Randolph Town city,Massachusetts,34995,34955,34715
061,25,021,00000,60785,00000,1,A,Sharon town,Massachusetts,18599,18581,18494
061,25,021,00000,67945,00000,1,A,Stoughton town,Massachusetts,29314,29291,29132
061,25,021,00000,72495,00000,1,A,Walpole town,Massachusetts,26360,26687,26652
061,25,021,00000,74175,00000,1,A,Wellesley town,Massachusetts,29315,29302,30191
061,25,021,00000,78690,00000,1,A,Westwood town,Massachusetts,16258,16247,16213
061,25,021,00000,78972,00000,0,F,Weymouth Town city,Massachusetts,57513,57568,57670
071,25,021,78972,78972,00000,1,A,Weymouth Town city,Massachusetts,57513,57568,57670
061,25,021,00000,82315,00000,1,A,Wrentham town,Massachusetts,12164,12172,12209
050,25,023,00000,00000,00000,0,A,Plymouth County,Massachusetts,530819,530979,533003
157,25,023,08130,00000,00000,0,A,Bridgewater Town city,Massachusetts,28432,28447,28805
157,25,023,09000,00000,00000,0,A,Brockton city,Massachusetts,105652,105579,105446
157,25,023,99990,00000,00000,0,S,Balance of Plymouth County,Massachusetts,396735,396953,398752
061,25,023,00000,00170,00000,1,A,Abington town,Massachusetts,17071,17078,17094
061,25,023,00000,08130,00000,0,F,Bridgewater Town city,Massachusetts,28432,28447,28805
071,25,023,08130,08130,00000,1,A,Bridgewater Town city,Massachusetts,28432,28447,28805
061,25,023,00000,09000,00000,0,F,Brockton city,Massachusetts,105652,105579,105446
071,25,023,09000,09000,00000,1,A,Brockton city,Massachusetts,105652,105579,105446
061,25,023,00000,11665,00000,1,A,Carver town,Massachusetts,11660,11651,11668
061,25,023,00000,17895,00000,1,A,Duxbury town,Massachusetts,16104,16102,16116
061,25,023,00000,18455,00000,1,A,East Bridgewater town,Massachusetts,14451,14445,14465
061,25,023,00000,27795,00000,1,A,Halifax town,Massachusetts,7758,7757,7749
061,25,023,00000,28285,00000,1,A,Hanover town,Massachusetts,14838,14840,14871
061,25,023,00000,28495,00000,1,A,Hanson town,Massachusetts,10639,10638,10674
061,25,023,00000,30210,00000,1,A,Hingham town,Massachusetts,24295,24288,24311
061,25,023,00000,31645,00000,1,A,Hull town,Massachusetts,10081,10075,10144
061,25,023,00000,33220,00000,1,A,Kingston town,Massachusetts,13703,13730,13793
061,25,023,00000,33920,00000,1,A,Lakeville town,Massachusetts,11537,11560,11762
061,25,023,00000,38540,00000,1,A,Marion town,Massachusetts,5344,5340,5333
061,25,023,00000,38855,00000,1,A,Marshfield town,Massachusetts,25850,25848,25869
061,25,023,00000,39450,00000,1,A,Mattapoisett town,Massachusetts,6514,6517,6574
061,25,023,00000,40850,00000,1,A,Middleborough town,Massachusetts,24253,24292,24459
061,25,023,00000,50145,00000,1,A,Norwell town,Massachusetts,11352,11347,11349
061,25,023,00000,52630,00000,1,A,Pembroke town,Massachusetts,18371,18368,18410
061,25,023,00000,54310,00000,1,A,Plymouth town,Massachusetts,61190,61346,62131
061,25,023,00000,54415,00000,1,A,Plympton town,Massachusetts,2935,2936,2939
061,25,023,00000,57600,00000,1,A,Rochester town,Massachusetts,5724,5731,5762
061,25,023,00000,57775,00000,1,A,Rockland town,Massachusetts,17814,17798,17771
061,25,023,00000,60330,00000,1,A,Scituate town,Massachusetts,19080,19097,19185
061,25,023,00000,72985,00000,1,A,Wareham town,Massachusetts,23312,23303,23317
061,25,023,00000,75260,00000,1,A,West Bridgewater town,Massachusetts,7717,7718,7727
061,25,023,00000,79530,00000,1,A,Whitman town,Massachusetts,15142,15148,15279
050,25,025,00000,00000,00000,0,N,Suffolk County,Massachusetts,797936,795431,771245
157,25,025,07000,00000,00000,0,A,Boston city,Massachusetts,676216,674272,654776
157,25,025,13205,00000,00000,0,A,Chelsea city,Massachusetts,40615,40428,38889
157,25,025,56585,00000,00000,0,A,Revere city,Massachusetts,61878,61565,59075
157,25,025,81005,00000,00000,0,A,Winthrop Town city,Massachusetts,19227,19166,18505
061,25,025,00000,07000,00000,0,F,Boston city,Massachusetts,676216,674272,654776
071,25,025,07000,07000,00000,1,A,Boston city,Massachusetts,676216,674272,654776
061,25,025,00000,13205,00000,0,F,Chelsea city,Massachusetts,40615,40428,38889
071,25,025,13205,13205,00000,1,A,Chelsea city,Massachusetts,40615,40428,38889
061,25,025,00000,56585,00000,0,F,Revere city,Massachusetts,61878,61565,59075
071,25,025,56585,56585,00000,1,A,Revere city,Massachusetts,61878,61565,59075
061,25,025,00000,81005,00000,0,F,Winthrop Town city,Massachusetts,19227,19166,18505
071,25,025,81005,81005,00000,1,A,Winthrop Town city,Massachusetts,19227,19166,18505
050,25,027,00000,00000,00000,0,N,Worcester County,Massachusetts,862111,861461,862029
157,25,027,23875,00000,00000,0,A,Fitchburg city,Massachusetts,41945,41872,41732
157,25,027,25485,00000,00000,0,A,Gardner city,Massachusetts,21288,21252,21191
157,25,027,35075,00000,00000,0,A,Leominster city,Massachusetts,43782,43744,43613
157,25,027,63345,00000,00000,0,A,Southbridge Town city,Massachusetts,17741,17711,17657
157,25,027,82000,00000,00000,0,A,Worcester city,Massachusetts,206601,206242,205918
157,25,027,99990,00000,00000,0,F,Balance of Worcester County,Massachusetts,530754,530640,531918
061,25,027,00000,01885,00000,1,A,Ashburnham town,Massachusetts,6312,6311,6341
061,25,027,00000,02480,00000,1,A,Athol town,Massachusetts,11941,11929,11905
061,25,027,00000,02760,00000,1,A,Auburn town,Massachusetts,16886,16862,16830
061,25,027,00000,03740,00000,1,A,Barre town,Massachusetts,5529,5523,5526
061,25,027,00000,05490,00000,1,A,Berlin town,Massachusetts,3159,3279,3674
061,25,027,00000,06015,00000,1,A,Blackstone town,Massachusetts,9194,9176,9177
061,25,027,00000,06365,00000,1,A,Bolton town,Massachusetts,5660,5669,5676
061,25,027,00000,07525,00000,1,A,Boylston town,Massachusetts,4851,4854,4882
061,25,027,00000,09105,00000,1,A,Brookfield town,Massachusetts,3442,3437,3432
061,25,027,00000,12715,00000,1,A,Charlton town,Massachusetts,13313,13304,13317
061,25,027,00000,14395,00000,1,A,Clinton town,Massachusetts,15423,15404,15381
061,25,027,00000,17300,00000,1,A,Douglas town,Massachusetts,8981,8996,9049
061,25,027,00000,17685,00000,1,A,Dudley town,Massachusetts,11926,11911,11884
061,25,027,00000,18560,00000,1,A,East Brookfield town,Massachusetts,2225,2221,2209
061,25,027,00000,23875,00000,0,F,Fitchburg city,Massachusetts,41945,41872,41732
071,25,027,23875,23875,00000,1,A,Fitchburg city,Massachusetts,41945,41872,41732
061,25,027,00000,25485,00000,0,F,Gardner city,Massachusetts,21288,21252,21191
071,25,027,25485,25485,00000,1,A,Gardner city,Massachusetts,21288,21252,21191
061,25,027,00000,26430,00000,1,A,Grafton town,Massachusetts,19659,19643,19756
061,25,027,00000,28740,00000,1,A,Hardwick town,Massachusetts,2664,2661,2660
061,25,027,00000,28950,00000,1,A,Harvard town,Massachusetts,6855,6851,6844
061,25,027,00000,30560,00000,1,A,Holden town,Massachusetts,19911,19893,19898
061,25,027,00000,30945,00000,1,A,Hopedale town,Massachusetts,6011,6004,5998
061,25,027,00000,31435,00000,1,A,Hubbardston town,Massachusetts,4322,4316,4312
061,25,027,00000,34165,00000,1,A,Lancaster town,Massachusetts,8454,8447,8455
061,25,027,00000,34795,00000,1,A,Leicester town,Massachusetts,11087,11065,11048
061,25,027,00000,35075,00000,0,F,Leominster city,Massachusetts,43782,43744,43613
071,25,027,35075,35075,00000,1,A,Leominster city,Massachusetts,43782,43744,43613
061,25,027,00000,37420,00000,1,A,Lunenburg town,Massachusetts,11773,11786,11816
061,25,027,00000,40255,00000,1,A,Mendon town,Massachusetts,6226,6225,6251
061,25,027,00000,41165,00000,1,A,Milford town,Massachusetts,30384,30339,30277
061,25,027,00000,41340,00000,1,A,Millbury town,Massachusetts,13827,13827,13884
061,25,027,00000,41585,00000,1,A,Millville town,Massachusetts,3174,3165,3151
061,25,027,00000,45105,00000,1,A,New Braintree town,Massachusetts,994,992,990
061,25,027,00000,46820,00000,1,A,Northborough town,Massachusetts,15736,15710,15667
061,25,027,00000,46925,00000,1,A,Northbridge town,Massachusetts,16335,16317,16298
061,25,027,00000,47135,00000,1,A,North Brookfield town,Massachusetts,4733,4745,4743
061,25,027,00000,50670,00000,1,A,Oakham town,Massachusetts,1850,1849,1846
061,25,027,00000,51825,00000,1,A,Oxford town,Massachusetts,13343,13321,13287
061,25,027,00000,52420,00000,1,A,Paxton town,Massachusetts,5014,5007,5028
061,25,027,00000,53120,00000,1,A,Petersham town,Massachusetts,1196,1193,1188
061,25,027,00000,53225,00000,1,A,Phillipston town,Massachusetts,1726,1723,1720
061,25,027,00000,55395,00000,1,A,Princeton town,Massachusetts,3496,3494,3499
061,25,027,00000,58580,00000,1,A,Royalston town,Massachusetts,1253,1252,1256
061,25,027,00000,58825,00000,1,A,Rutland town,Massachusetts,9050,9067,9169
061,25,027,00000,61800,00000,1,A,Shrewsbury town,Massachusetts,38310,38450,38999
061,25,027,00000,63165,00000,1,A,Southborough town,Massachusetts,10451,10444,10421
061,25,027,00000,63345,00000,0,F,Southbridge Town city,Massachusetts,17741,17711,17657
071,25,027,63345,63345,00000,1,A,Southbridge Town city,Massachusetts,17741,17711,17657
061,25,027,00000,66105,00000,1,A,Spencer town,Massachusetts,11981,11960,11928
061,25,027,00000,67385,00000,1,A,Sterling town,Massachusetts,7982,7976,8152
061,25,027,00000,68155,00000,1,A,Sturbridge town,Massachusetts,9862,9847,9846
061,25,027,00000,68610,00000,1,A,Sutton town,Massachusetts,9355,9349,9361
061,25,027,00000,69275,00000,1,A,Templeton town,Massachusetts,8142,8139,8160
061,25,027,00000,71480,00000,1,A,Upton town,Massachusetts,7996,8002,8050
061,25,027,00000,71620,00000,1,A,Uxbridge town,Massachusetts,14161,14191,14270
061,25,027,00000,73090,00000,1,A,Warren town,Massachusetts,4972,4965,4955
061,25,027,00000,73895,00000,1,A,Webster town,Massachusetts,17771,17735,17651
061,25,027,00000,75015,00000,1,A,Westborough town,Massachusetts,21568,21539,21499
061,25,027,00000,75155,00000,1,A,West Boylston town,Massachusetts,7883,7876,7855
061,25,027,00000,75400,00000,1,A,West Brookfield town,Massachusetts,3835,3828,3820
061,25,027,00000,77010,00000,1,A,Westminster town,Massachusetts,8208,8227,8275
061,25,027,00000,80405,00000,1,A,Winchendon town,Massachusetts,10362,10344,10352
061,25,027,00000,82000,00000,0,F,Worcester city,Massachusetts,206601,206242,205918
071,25,027,82000,82000,00000,1,A,Worcester city,Massachusetts,206601,206242,205918
